rouge1,rouge2,rougeL,rougeLsum
0.019892381183341336,0.0,0.019917249840896566,0.019613937893664668
